{
  "version": "2025-10-05.P2",
  "alarms": [
    {"alarm_code":"OC12-LOS","name":"Loss of Signal OC12","severity":"critical","service_affecting":true,"tap":"TAP-047","dlps":["DLP-203"],"diagnostic_cmds":["RTRV-COND-OC12","RTRV-OC12"]},
    {"alarm_code":"OC12-LOF","name":"Loss of Frame OC12","severity":"critical","service_affecting":true,"tap":"TAP-048","dlps":["DLP-203"],"diagnostic_cmds":["RTRV-COND-OC12"]},
    {"alarm_code":"OC12-AIS","name":"AIS OC12","severity":"major","service_affecting":true,"tap":"TAP-049","dlps":["DLP-203"],"diagnostic_cmds":["RTRV-COND-OC12"]},
    {"alarm_code":"OC12-RDI","name":"RDI OC12","severity":"major","service_affecting":false,"tap":"TAP-050","dlps":[],"diagnostic_cmds":["RTRV-COND-OC12"]},
    {"alarm_code":"T1-LOS","name":"Loss of Signal T1","severity":"major","service_affecting":true,"tap":"TAP-035","dlps":["DLP-089"],"diagnostic_cmds":["RTRV-ALM-T1","RTRV-ATTR-T1"]},
    {"alarm_code":"T1-LOF","name":"Loss of Frame T1","severity":"major","service_affecting":true,"tap":"TAP-036","dlps":["DLP-089"],"diagnostic_cmds":["RTRV-ALM-T1"]},
    {"alarm_code":"T1-AIS","name":"AIS T1","severity":"minor","service_affecting":false,"tap":"TAP-037","dlps":["DLP-089"],"diagnostic_cmds":["RTRV-ALM-T1"]},
    {"alarm_code":"T1-RDI","name":"RDI T1","severity":"minor","service_affecting":false,"tap":"TAP-038","dlps":["DLP-089"],"diagnostic_cmds":["RTRV-ALM-T1"]},
    {"alarm_code":"DS3-LOS","name":"Loss of Signal DS3","severity":"critical","service_affecting":true,"tap":"TAP-041","dlps":["DLP-203"],"diagnostic_cmds":["RTRV-ATTR-DS3"]},
    {"alarm_code":"DS3-LOF","name":"Loss of Frame DS3","severity":"critical","service_affecting":true,"tap":"TAP-042","dlps":["DLP-203"],"diagnostic_cmds":["RTRV-ATTR-DS3"]},
    {"alarm_code":"DS3-AIS","name":"AIS DS3","severity":"major","service_affecting":false,"tap":"TAP-043","dlps":[],"diagnostic_cmds":["RTRV-ATTR-DS3"]},
    {"alarm_code":"DS3-RDI","name":"RDI DS3","severity":"major","service_affecting":false,"tap":"TAP-044","dlps":[],"diagnostic_cmds":["RTRV-ATTR-DS3"]},
    {"alarm_code":"VT-LOS","name":"Loss of Signal VT","severity":"major","service_affecting":true,"tap":"TAP-051","dlps":["DLP-103"],"diagnostic_cmds":["RTRV-ATTR-VT"]},
    {"alarm_code":"VT-AIS","name":"AIS VT","severity":"minor","service_affecting":false,"tap":"TAP-052","dlps":[],"diagnostic_cmds":["RTRV-ATTR-VT"]},
    {"alarm_code":"NEP-COMM-FAIL","name":"Node Communication Failure","severity":"critical","service_affecting":true,"tap":"TAP-012","dlps":[],"diagnostic_cmds":["RTRV-EQPT","RTRV-ALM-ALL"]},
    {"alarm_code":"FAN-FAIL","name":"Fan Failure","severity":"critical","service_affecting":true,"tap":"TAP-020","dlps":[],"diagnostic_cmds":["RTRV-EQPT"]},
    {"alarm_code":"PWR-FAIL","name":"Power Failure","severity":"critical","service_affecting":true,"tap":"TAP-021","dlps":[],"diagnostic_cmds":["RTRV-EQPT"]},
    {"alarm_code":"TEMP-HIGH","name":"High Temperature","severity":"major","service_affecting":true,"tap":"TAP-022","dlps":[],"diagnostic_cmds":["RTRV-EQPT"]},
    {"alarm_code":"TEMP-LOW","name":"Low Temperature","severity":"minor","service_affecting":false,"tap":"TAP-023","dlps":[],"diagnostic_cmds":["RTRV-EQPT"]},
    {"alarm_code":"MEM-FAIL","name":"Memory Failure","severity":"critical","service_affecting":true,"tap":"TAP-030","dlps":[],"diagnostic_cmds":["RTRV-EQPT"]},
    {"alarm_code":"SW-MISMATCH","name":"Software Mismatch","severity":"major","service_affecting":false,"tap":"TAP-031","dlps":["DLP-110"],"diagnostic_cmds":["RTRV-SW"]},
    {"alarm_code":"DB-FAIL","name":"Database Failure","severity":"critical","service_affecting":true,"tap":"TAP-032","dlps":["DLP-120"],"diagnostic_cmds":["RTRV-DB"]},
    {"alarm_code":"TIMING-LOSS","name":"Timing Reference Lost","severity":"major","service_affecting":true,"tap":"TAP-033","dlps":["DLP-173"],"diagnostic_cmds":["RTRV-TIMING"]}
  ]
}
