{
  "version": "2025-10-05.P2",
  "intents": [
    {
      "intent":"loopback_t1_facility",
      "patterns":["loopback T1","place loop on T1","test T1 facility","loop T1 toward facility"],
      "extractors":{"aid":{"regex":"T1-\\d+-\\d+"}},
      "maps_to_sequence":["RMV-T1","OPR-LPBK-T1","OPR-BERT-T1","RTRV-BERT-T1","RLS-BERT-T1","RST-T1"],
      "plan":[{"cmd":"RMV-T1"},{"cmd":"OPR-LPBK-T1"},{"cmd":"OPR-BERT-T1","args":{"PATTERN":"PRBS7","DUR":60}},{"cmd":"RTRV-BERT-T1"},{"cmd":"RLS-BERT-T1"},{"cmd":"RST-T1"}]
    },
    {
      "intent":"cross_connect_vt",
      "patterns":["connect VT","cross-connect path","xc VT","make VT connection"],
      "extractors":{"from":{"regex":"VT1-\\d+-\\d+(?:-\\d+)?"},"to":{"regex":"VT1-\\d+-\\d+(?:-\\d+)?"}},
      "maps_to":"ENT-CRS-VT"
    },
    {
      "intent":"show_alarms_critical",
      "patterns":["show critical alarms","list major faults","display CR alarms","critical alarms"],
      "maps_to":"RTRV-ALM-ALL"
    }
  ]
}
