{
  "$schema": "https://json-schema.org/draft/2020-12/schema",
  "title": "Policies Schema",
  "type": "object",
  "required": ["version", "rules"],
  "properties": {
    "version": { "type": "string" },
    "rules": {
      "type": "array",
      "items": {
        "type": "object",
        "required": ["type","message"],
        "properties": {
          "type": { "type": "string" },
          "applies_to": { "type": "array", "items": { "type": "string" } },
          "message": { "type": "string" }
        },
        "additionalProperties": true
      }
    }
  },
  "additionalProperties": false
}
